post_type,avg_likes,avg_shares,avg_comments,engagement_rate,like_to_comment_ratio,share_to_like_ratio
carousel,2521.5375,497.7,1006.64375,4025.8812499999995,2.5048955998584406,0.1973795749617049
live stream,2326.84,506.97714285714284,919.3542857142858,3753.171428571429,2.5309502943059417,0.21788225355294855
poll,2671.0759493670885,487.126582278481,1008.6582278481013,4166.86075949367,2.648147683349229,0.18237092149847167
reels,2671.820359281437,501.01197604790417,1037.4550898203593,4210.2874251497005,2.5753600184698855,0.18751708897923325
static images,2349.767441860465,490.5988372093023,1059.2558139534883,3899.6220930232557,2.218319135856679,0.20878612430720506
stories,2877.5238095238096,493.26190476190476,955.452380952381,4326.238095238095,3.011687308430312,0.17141887866551928
